name,mean,stdDev
ev,99.73513315136053,33.51379469261868
fat-7,141.7301343558612,78.3077292438009
pcyt,28.000925902576387,14.479950408043319
sams,26.936686935216347,8.340766693035924
